profile.login,profile.firstName,profile.lastName,profile.email,gender,preferredLanguage,profile.streetAddress,profile.zipCode,profile.city,country,profile.countryCode
ibrabben0@prlog.org,Iosep,Brabben,ibrabben0@prlog.org,Male,Mongolian,7931 Division Point,86983 CEDEX,Futuroscope,France,FR
emorfett1@4shared.com,Eve,Morfett,emorfett1@4shared.com,Female,Lao,871 Sunnyside Avenue,69469 CEDEX 06,Lyon,France,FR
wwaddup2@buzzfeed.com,Werner,Waddup,wwaddup2@buzzfeed.com,Male,English,8 Coleman Lane,69669 CEDEX,Villefranche-sur-Saône,France,FR
cmcleary3@latimes.com,Carline,McLeary,cmcleary3@latimes.com,Female,Hebrew,4 Green Trail,44795,Bochum,Germany,DE
gbrunnstein4@sciencedaily.com,Germain,Brunnstein,gbrunnstein4@sciencedaily.com,Female,Montenegrin,0578 Luster Terrace,40141,Bologna,Italy,IT
bguerner5@dot.gov,Brnaby,Guerner,bguerner5@dot.gov,Polygender,Japanese,0 New Castle Hill,33699 CEDEX,Mérignac,France,FR
kbreckenridge6@vimeo.com,Katerine,Breckenridge,kbreckenridge6@vimeo.com,Female,Malagasy,06 Schiller Way,28114 CEDEX,Lucé,France,FR
ptidder7@psu.edu,Purcell,Tidder,ptidder7@psu.edu,Male,Croatian,4 Del Mar Junction,75485 CEDEX 10,Paris 10,France,FR
shumpherson8@xing.com,Saunders,Humpherson,shumpherson8@xing.com,Male,Ndebele,22878 Bowman Alley,27036 CEDEX,Évreux,France,FR
fkiellor9@tinypic.com,Flossie,Kiellor,fkiellor9@tinypic.com,Non-binary,Marathi,78400 Columbus Place,64044 CEDEX,Pau,France,FR
dbindona@howstuffworks.com,Dinah,Bindon,dbindona@howstuffworks.com,Female,New Zealand Sign Language,6947 Crowley Trail,77544 CEDEX,Savigny-le-Temple,France,FR
cmallinarb@woothemes.com,Care,Mallinar,cmallinarb@woothemes.com,Male,Assamese,68291 Elgar Road,31709 CEDEX,Blagnac,France,FR
lsimionic@phoca.cz,Lucie,Simioni,lsimionic@phoca.cz,Female,Hiri Motu,5 Melby Drive,60022 CEDEX,Beauvais,France,FR
sclevelandd@feedburner.com,Stella,Cleveland,sclevelandd@feedburner.com,Female,Swedish,85 Northridge Way,13269 CEDEX 08,Marseille,France,FR
dthurbye@dell.com,Darelle,Thurby,dthurbye@dell.com,Female,Ndebele,2 Shoshone Street,30904 CEDEX 9,Nîmes,France,FR
bdodellf@marketwatch.com,Birgit,Dodell,bdodellf@marketwatch.com,Female,Finnish,14 Springview Alley,34934 CEDEX 9,Montpellier,France,FR
hlefleyg@timesonline.co.uk,Holt,Lefley,hlefleyg@timesonline.co.uk,Male,Finnish,07155 Sage Pass,14654 CEDEX,Carpiquet,France,FR
ntescheh@themeforest.net,Norman,Tesche,ntescheh@themeforest.net,Male,Luxembourgish,7 Shasta Road,37082 CEDEX 2,Tours,France,FR
fleabeateri@ucla.edu,Faustine,Leabeater,fleabeateri@ucla.edu,Female,Hiri Motu,24 East Crossing,26005,Logroño,Spain,ES
eananj@mtv.com,Edan,Anan,eananj@mtv.com,Male,Nepali,8 Union Lane,13524 CEDEX,Port-de-Bouc,France,FR
asaffek@cyberchimps.com,Adams,Saffe,asaffek@cyberchimps.com,Male,Kazakh,543 Rowland Pass,95319 CEDEX,Cergy-Pontoise,France,FR
dgoodingsl@usatoday.com,Dicky,Goodings,dgoodingsl@usatoday.com,Male,Japanese,5339 Rutledge Park,30175,Mestre,Italy,IT
aferrieroim@free.fr,Ashli,Ferrieroi,aferrieroim@free.fr,Female,Nepali,2988 Pleasure Trail,59859 CEDEX,Lille,France,FR
okonzeln@dropbox.com,Orsola,Konzel,okonzeln@dropbox.com,Female,Lithuanian,5060 Clove Park,13155 CEDEX,Tarascon,France,FR
